Model,Stage,Model/Stage,Accuracy,Balanced Accuracy,Weighted F1,Macro F1,Micro F1,Weighted Precision,Macro Precision,Weighted Recall,Macro Recall,MCC,Cohen's Kappa,Precision (negative),Recall (negative),F1 (negative),Support (negative),Precision (neutral),Recall (neutral),F1 (neutral),Support (neutral),Precision (positive),Recall (positive),F1 (positive),Support (positive)
FinBERT,Before Fine-Tuning,FinBERT (Before FT),0.8925619834710744,0.9043393846943015,0.8938091178793657,0.8822455322455323,0.8925619834710744,0.8987777092274072,0.8647124236623828,0.8925619834710744,0.9043393846943015,0.8141609090793913,0.8116054853584047,0.8260869565217391,0.9344262295081968,0.8769230769230769,61.0,0.9547169811320755,0.8815331010452961,0.9166666666666666,287.0,0.8133333333333334,0.8970588235294118,0.8531468531468531,136.0
BERT-base-uncased,Before Fine-Tuning,BERT-base-uncased (Before FT),0.5433884297520661,0.3269739723158356,0.4347648880039288,0.2684786884413821,0.5433884297520661,0.3640174419339348,0.23196992864424057,0.5433884297520661,0.3269739723158356,-0.010424676900532557,-0.007231910806433373,0.10416666666666667,0.08196721311475409,0.09174311926605505,61.0,0.591743119266055,0.8989547038327527,0.7136929460580913,287.0,0.0,0.0,0.0,136.0
FinBERT,After Fine-Tuning,FinBERT (After FT),0.871900826446281,0.8187456109992978,0.8683132287425788,0.8510215855006971,0.871900826446281,0.8752833451780015,0.8972562709294244,0.871900826446281,0.8187456109992978,0.7643072293582807,0.7566932070637457,0.9591836734693877,0.7704918032786885,0.8545454545454545,61.0,0.8575851393188855,0.9651567944250871,0.9081967213114754,287.0,0.875,0.7205882352941176,0.7903225806451613,136.0
BERT-base-uncased,After Fine-Tuning,BERT-base-uncased (After FT),0.8615702479338843,0.8322952331672373,0.8602746943373648,0.8434055052806658,0.8615702479338843,0.8602644308434911,0.8560722015011281,0.8615702479338843,0.8322952331672373,0.7463883807694925,0.7454770930953558,0.8771929824561403,0.819672131147541,0.847457627118644,61.0,0.88,0.9198606271777003,0.899488926746167,287.0,0.8110236220472441,0.7573529411764706,0.7832699619771863,136.0
