Model,Stage,Accuracy,Balanced Accuracy,Weighted F1,Macro F1,Micro F1,Weighted Precision,Macro Precision,Weighted Recall,Macro Recall,MCC,Cohen's Kappa,Precision (negative),Recall (negative),F1 (negative),Support (negative),Precision (neutral),Recall (neutral),F1 (neutral),Support (neutral),Precision (positive),Recall (positive),F1 (positive),Support (positive)
FinBERT,Before Fine-Tuning,0.8925619834710744,0.9043393846943015,0.8938091178793657,0.8822455322455323,0.8925619834710744,0.8987777092274072,0.8647124236623828,0.8925619834710744,0.9043393846943015,0.8141609090793913,0.8116054853584047,0.8260869565217391,0.9344262295081968,0.8769230769230769,61.0,0.9547169811320755,0.8815331010452961,0.9166666666666666,287.0,0.8133333333333334,0.8970588235294118,0.8531468531468531,136.0
BERT-base-uncased,Before Fine-Tuning,0.5929752066115702,0.3333333333333333,0.4414627348833221,0.24816255944660615,0.5929752066115702,0.3516195956560344,0.19765840220385675,0.5929752066115702,0.3333333333333333,0.0,0.0,0.0,0.0,0.0,61.0,0.5929752066115702,1.0,0.7444876783398184,287.0,0.0,0.0,0.0,136.0
FinBERT,After Fine-Tuning,0.8925619834710744,0.8793899807023969,0.892800518076863,0.8850870338369665,0.8925619834710744,0.8933987862217527,0.8915907655317156,0.8925619834710744,0.8793899807023969,0.8055592477222804,0.8054572157378064,0.9298245614035088,0.8688524590163934,0.8983050847457628,61.0,0.9163763066202091,0.9163763066202091,0.9163763066202091,287.0,0.8285714285714286,0.8529411764705882,0.8405797101449275,136.0
BERT-base-uncased,After Fine-Tuning,0.859504132231405,0.8423189547710327,0.8592600397881076,0.8400827958727196,0.859504132231405,0.8591287641452114,0.8380586883876356,0.859504132231405,0.8423189547710327,0.7462248012846088,0.746184515959867,0.8253968253968254,0.8524590163934426,0.8387096774193549,61.0,0.8993055555555556,0.9024390243902439,0.9008695652173913,287.0,0.7894736842105263,0.7720588235294118,0.7806691449814126,136.0
